linkedin_url,instagram_url,consent_status,adult_confirmed,public_confirmed
https://linkedin.com/in/synthetic-01,https://instagram.com/synthetic_01,opted_in,true,true
https://linkedin.com/in/synthetic-02,https://instagram.com/synthetic_02,opted_in,true,true
https://linkedin.com/in/synthetic-03,https://instagram.com/synthetic_03,opted_in,true,true
https://linkedin.com/in/synthetic-04,https://instagram.com/synthetic_04,opted_in,true,true
https://linkedin.com/in/synthetic-05,https://instagram.com/synthetic_05,opted_in,true,true
https://linkedin.com/in/synthetic-06,https://instagram.com/synthetic_06,opted_in,true,true
https://linkedin.com/in/synthetic-07,https://instagram.com/synthetic_07,opted_in,true,true
https://linkedin.com/in/synthetic-08,https://instagram.com/synthetic_08,opted_in,true,true
https://linkedin.com/in/synthetic-09,https://instagram.com/synthetic_09,opted_in,true,true
https://linkedin.com/in/synthetic-10,https://instagram.com/synthetic_10,opted_in,true,true
https://linkedin.com/in/synthetic-11,https://instagram.com/synthetic_11,opted_in,true,true
https://linkedin.com/in/synthetic-12,https://instagram.com/synthetic_12,opted_in,true,true
https://linkedin.com/in/synthetic-13,https://instagram.com/synthetic_13,opted_in,true,true
https://linkedin.com/in/synthetic-14,https://instagram.com/synthetic_14,opted_in,true,true
https://linkedin.com/in/synthetic-15,https://instagram.com/synthetic_15,opted_in,true,true
https://linkedin.com/in/synthetic-16,https://instagram.com/synthetic_16,opted_in,true,true
https://linkedin.com/in/synthetic-17,https://instagram.com/synthetic_17,opted_in,true,true
https://linkedin.com/in/synthetic-18,https://instagram.com/synthetic_18,opted_in,true,true
https://linkedin.com/in/synthetic-19,https://instagram.com/synthetic_19,opted_in,true,true
https://linkedin.com/in/synthetic-20,https://instagram.com/synthetic_20,opted_in,true,true
https://linkedin.com/in/synthetic-21,https://instagram.com/synthetic_21,opted_in,true,true
https://linkedin.com/in/synthetic-22,https://instagram.com/synthetic_22,opted_in,true,true
https://linkedin.com/in/synthetic-23,https://instagram.com/synthetic_23,opted_in,true,true
https://linkedin.com/in/synthetic-24,https://instagram.com/synthetic_24,opted_in,true,true
https://linkedin.com/in/synthetic-25,https://instagram.com/synthetic_25,opted_in,true,true